{
  "judges": [
    "anthropic/claude-opus-4.8",
    "openai/gpt-5.5",
    "x-ai/grok-4.3"
  ],
  "n_null_dropped": 0,
  "criteria": {
    "coherence": {
      "n_units": 140,
      "n_judges": 3,
      "n_complete_units": 137,
      "mean_quadratic_kappa": 0.24738531849834886,
      "pairwise_kappa": {
        "anthropic/claude-opus-4.8 vs openai/gpt-5.5": 0.1303597618842205,
        "anthropic/claude-opus-4.8 vs x-ai/grok-4.3": 0.46707074362221823,
        "openai/gpt-5.5 vs x-ai/grok-4.3": 0.1447254499886078
      },
      "pct_agreement_exact": 0.5552832811956899,
      "pct_agreement_within1": 0.8890684741049705,
      "krippendorff_alpha_ordinal": 0.3121181607965329,
      "icc_2k": 0.4850664184787208
    },
    "presence": {
      "n_units": 80,
      "n_judges": 3,
      "n_complete_units": 80,
      "mean_quadratic_kappa": 0.5245986914085609,
      "pairwise_kappa": {
        "anthropic/claude-opus-4.8 vs openai/gpt-5.5": 0.5504699632202696,
        "anthropic/claude-opus-4.8 vs x-ai/grok-4.3": 0.4738299639988923,
        "openai/gpt-5.5 vs x-ai/grok-4.3": 0.5494961470065205
      },
      "pct_agreement_exact": 0.4708333333333334,
      "pct_agreement_within1": 0.8833333333333334,
      "krippendorff_alpha_ordinal": 0.4869803952672127,
      "icc_2k": 0.7675199874996743
    },
    "style_match": {
      "n_units": 100,
      "n_judges": 3,
      "n_complete_units": 99,
      "mean_quadratic_kappa": 0.49397892387668624,
      "pairwise_kappa": {
        "anthropic/claude-opus-4.8 vs openai/gpt-5.5": 0.4603499204726199,
        "anthropic/claude-opus-4.8 vs x-ai/grok-4.3": 0.5791905377933837,
        "openai/gpt-5.5 vs x-ai/grok-4.3": 0.44239631336405527
      },
      "pct_agreement_exact": 0.37585858585858584,
      "pct_agreement_within1": 0.9127609427609428,
      "krippendorff_alpha_ordinal": 0.4031537275839312,
      "icc_2k": 0.7378144039993753
    }
  }
}